{
  "pdfCropperData": {
    "Maths": {
      "M-MCQ": {
        "1": {
          "que": 1,
          "type": "mcq",
          "options": 4,
          "marks": {
            "cm": 4,
            "im": -1
          },
          "pdfData": [
            {
              "page": 1,
              "x1": 34,
              "y1": 73,
              "x2": 561,
              "y2": 131
            }
          ]
        },
        "2": {
          "que": 2,
          "type": "mcq",
          "options": 4,
          "marks": {
            "cm": 4,
            "im": -1
          },
          "pdfData": [
            {
              "page": 1,
              "x1": 34,
              "y1": 131,
              "x2": 561,
              "y2": 228
            }
          ]
        },
        "3": {
          "que": 3,
          "type": "mcq",
          "options": 4,
          "marks": {
            "cm": 4,
            "im": -1
          },
          "pdfData": [
            {
              "page": 1,
              "x1": 34,
              "y1": 228,
              "x2": 561,
              "y2": 316
            }
          ]
        },
        "4": {
          "que": 4,
          "type": "mcq",
          "options": 4,
          "marks": {
            "cm": 4,
            "im": -1
          },
          "pdfData": [
            {
              "page": 1,
              "x1": 34,
              "y1": 316,
              "x2": 561,
              "y2": 395
            }
          ]
        },
        "5": {
          "que": 5,
          "type": "mcq",
          "options": 4,
          "marks": {
            "cm": 4,
            "im": -1
          },
          "pdfData": [
            {
              "page": 1,
              "x1": 34,
              "y1": 395,
              "x2": 561,
              "y2": 468
            }
          ]
        },
        "6": {
          "que": 6,
          "type": "mcq",
          "options": 4,
          "marks": {
            "cm": 4,
            "im": -1
          },
          "pdfData": [
            {
              "page": 1,
              "x1": 34,
              "y1": 468,
              "x2": 561,
              "y2": 578
            }
          ]
        },
        "7": {
          "que": 7,
          "type": "mcq",
          "options": 4,
          "marks": {
            "cm": 4,
            "im": -1
          },
          "pdfData": [
            {
              "page": 1,
              "x1": 34,
              "y1": 578,
              "x2": 561,
              "y2": 649
            }
          ]
        },
        "8": {
          "que": 8,
          "type": "mcq",
          "options": 4,
          "marks": {
            "cm": 4,
            "im": -1
          },
          "pdfData": [
            {
              "page": 1,
              "x1": 34,
              "y1": 649,
              "x2": 561,
              "y2": 725
            }
          ]
        },
        "9": {
          "que": 9,
          "type": "mcq",
          "options": 4,
          "marks": {
            "cm": 4,
            "im": -1
          },
          "pdfData": [
            {
              "page": 1,
              "x1": 34,
              "y1": 725,
              "x2": 561,
              "y2": 762
            },
            {
              "page": 2,
              "x1": 34,
              "y1": 75,
              "x2": 561,
              "y2": 115
            }
          ]
        },
        "10": {
          "que": 10,
          "type": "mcq",
          "options": 4,
          "marks": {
            "cm": 4,
            "im": -1
          },
          "pdfData": [
            {
              "page": 2,
              "x1": 34,
              "y1": 115,
              "x2": 561,
              "y2": 188
            }
          ]
        },
        "11": {
          "que": 11,
          "type": "mcq",
          "options": 4,
          "marks": {
            "cm": 4,
            "im": -1
          },
          "pdfData": [
            {
              "page": 2,
              "x1": 34,
              "y1": 188,
              "x2": 561,
              "y2": 260
            }
          ]
        },
        "12": {
          "que": 12,
          "type": "mcq",
          "options": 4,
          "marks": {
            "cm": 4,
            "im": -1
          },
          "pdfData": [
            {
              "page": 2,
              "x1": 34,
              "y1": 260,
              "x2": 561,
              "y2": 322
            }
          ]
        },
        "13": {
          "que": 13,
          "type": "mcq",
          "options": 4,
          "marks": {
            "cm": 4,
            "im": -1
          },
          "pdfData": [
            {
              "page": 2,
              "x1": 34,
              "y1": 322,
              "x2": 561,
              "y2": 396
            }
          ]
        },
        "14": {
          "que": 14,
          "type": "mcq",
          "options": 4,
          "marks": {
            "cm": 4,
            "im": -1
          },
          "pdfData": [
            {
              "page": 2,
              "x1": 34,
              "y1": 396,
              "x2": 561,
              "y2": 476
            }
          ]
        },
        "15": {
          "que": 15,
          "type": "mcq",
          "options": 4,
          "marks": {
            "cm": 4,
            "im": -1
          },
          "pdfData": [
            {
              "page": 2,
              "x1": 34,
              "y1": 476,
              "x2": 561,
              "y2": 549
            }
          ]
        },
        "16": {
          "que": 16,
          "type": "mcq",
          "options": 4,
          "marks": {
            "cm": 4,
            "im": -1
          },
          "pdfData": [
            {
              "page": 2,
              "x1": 34,
              "y1": 549,
              "x2": 561,
              "y2": 644
            }
          ]
        },
        "17": {
          "que": 17,
          "type": "mcq",
          "options": 4,
          "marks": {
            "cm": 4,
            "im": -1
          },
          "pdfData": [
            {
              "page": 2,
              "x1": 34,
              "y1": 644,
              "x2": 561,
              "y2": 734
            }
          ]
        },
        "18": {
          "que": 18,
          "type": "mcq",
          "options": 4,
          "marks": {
            "cm": 4,
            "im": -1
          },
          "pdfData": [
            {
              "page": 3,
              "x1": 34,
              "y1": 73,
              "x2": 561,
              "y2": 143
            }
          ]
        },
        "19": {
          "que": 19,
          "type": "mcq",
          "options": 4,
          "marks": {
            "cm": 4,
            "im": -1
          },
          "pdfData": [
            {
              "page": 3,
              "x1": 34,
              "y1": 143,
              "x2": 561,
              "y2": 224
            }
          ]
        },
        "20": {
          "que": 20,
          "type": "mcq",
          "options": 4,
          "marks": {
            "cm": 4,
            "im": -1
          },
          "pdfData": [
            {
              "page": 3,
              "x1": 34,
              "y1": 224,
              "x2": 561,
              "y2": 295
            }
          ]
        }
      },
      "M-NUM": {
        "21": {
          "que": 21,
          "type": "nat",
          "marks": {
            "cm": 4,
            "im": -1
          },
          "pdfData": [
            {
              "page": 3,
              "x1": 34,
              "y1": 295,
              "x2": 561,
              "y2": 340
            }
          ]
        },
        "22": {
          "que": 22,
          "type": "nat",
          "marks": {
            "cm": 4,
            "im": -1
          },
          "pdfData": [
            {
              "page": 3,
              "x1": 34,
              "y1": 340,
              "x2": 561,
              "y2": 387
            }
          ]
        },
        "23": {
          "que": 23,
          "type": "nat",
          "marks": {
            "cm": 4,
            "im": -1
          },
          "pdfData": [
            {
              "page": 3,
              "x1": 34,
              "y1": 387,
              "x2": 561,
              "y2": 416
            }
          ]
        },
        "24": {
          "que": 24,
          "type": "nat",
          "marks": {
            "cm": 4,
            "im": -1
          },
          "pdfData": [
            {
              "page": 3,
              "x1": 34,
              "y1": 416,
              "x2": 561,
              "y2": 474
            }
          ]
        },
        "25": {
          "que": 25,
          "type": "nat",
          "marks": {
            "cm": 4,
            "im": -1
          },
          "pdfData": [
            {
              "page": 3,
              "x1": 34,
              "y1": 474,
              "x2": 561,
              "y2": 564
            }
          ]
        }
      }
    },
    "Physics": {
      "P-MCQ": {
        "26": {
          "que": 26,
          "type": "mcq",
          "options": 4,
          "marks": {
            "cm": 4,
            "im": -1
          },
          "pdfData": [
            {
              "page": 3,
              "x1": 34,
              "y1": 564,
              "x2": 561,
              "y2": 747
            },
            {
              "page": 4,
              "x1": 34,
              "y1": 76,
              "x2": 561,
              "y2": 180
            }
          ]
        },
        "27": {
          "que": 27,
          "type": "mcq",
          "options": 4,
          "marks": {
            "cm": 4,
            "im": -1
          },
          "pdfData": [
            {
              "page": 4,
              "x1": 34,
              "y1": 180,
              "x2": 561,
              "y2": 478
            }
          ]
        },
        "28": {
          "que": 28,
          "type": "mcq",
          "options": 4,
          "marks": {
            "cm": 4,
            "im": -1
          },
          "pdfData": [
            {
              "page": 4,
              "x1": 34,
              "y1": 478,
              "x2": 561,
              "y2": 585
            }
          ]
        },
        "29": {
          "que": 29,
          "type": "mcq",
          "options": 4,
          "marks": {
            "cm": 4,
            "im": -1
          },
          "pdfData": [
            {
              "page": 4,
              "x1": 34,
              "y1": 585,
              "x2": 561,
              "y2": 737
            }
          ]
        },
        "30": {
          "que": 30,
          "type": "mcq",
          "options": 4,
          "marks": {
            "cm": 4,
            "im": -1
          },
          "pdfData": [
            {
              "page": 5,
              "x1": 34,
              "y1": 76,
              "x2": 561,
              "y2": 431
            }
          ]
        },
        "31": {
          "que": 31,
          "type": "mcq",
          "options": 4,
          "marks": {
            "cm": 4,
            "im": -1
          },
          "pdfData": [
            {
              "page": 5,
              "x1": 34,
              "y1": 431,
              "x2": 561,
              "y2": 537
            }
          ]
        },
        "32": {
          "que": 32,
          "type": "mcq",
          "options": 4,
          "marks": {
            "cm": 4,
            "im": -1
          },
          "pdfData": [
            {
              "page": 5,
              "x1": 34,
              "y1": 537,
              "x2": 561,
              "y2": 708
            }
          ]
        },
        "33": {
          "que": 33,
          "type": "mcq",
          "options": 4,
          "marks": {
            "cm": 4,
            "im": -1
          },
          "pdfData": [
            {
              "page": 5,
              "x1": 34,
              "y1": 708,
              "x2": 561,
              "y2": 761
            },
            {
              "page": 6,
              "x1": 34,
              "y1": 74,
              "x2": 561,
              "y2": 116
            }
          ]
        },
        "34": {
          "que": 34,
          "type": "mcq",
          "options": 4,
          "marks": {
            "cm": 4,
            "im": -1
          },
          "pdfData": [
            {
              "page": 6,
              "x1": 34,
              "y1": 116,
              "x2": 561,
              "y2": 387
            }
          ]
        },
        "35": {
          "que": 35,
          "type": "mcq",
          "options": 4,
          "marks": {
            "cm": 4,
            "im": -1
          },
          "pdfData": [
            {
              "page": 6,
              "x1": 34,
              "y1": 387,
              "x2": 561,
              "y2": 448
            }
          ]
        },
        "36": {
          "que": 36,
          "type": "mcq",
          "options": 4,
          "marks": {
            "cm": 4,
            "im": -1
          },
          "pdfData": [
            {
              "page": 6,
              "x1": 34,
              "y1": 448,
              "x2": 561,
              "y2": 521
            }
          ]
        },
        "37": {
          "que": 37,
          "type": "mcq",
          "options": 4,
          "marks": {
            "cm": 4,
            "im": -1
          },
          "pdfData": [
            {
              "page": 6,
              "x1": 34,
              "y1": 521,
              "x2": 561,
              "y2": 612
            }
          ]
        },
        "38": {
          "que": 38,
          "type": "mcq",
          "options": 4,
          "marks": {
            "cm": 4,
            "im": -1
          },
          "pdfData": [
            {
              "page": 6,
              "x1": 34,
              "y1": 612,
              "x2": 561,
              "y2": 666
            },
            {
              "page": 7,
              "x1": 34,
              "y1": 77,
              "x2": 561,
              "y2": 227
            }
          ]
        },
        "39": {
          "que": 39,
          "type": "mcq",
          "options": 4,
          "marks": {
            "cm": 4,
            "im": -1
          },
          "pdfData": [
            {
              "page": 7,
              "x1": 34,
              "y1": 227,
              "x2": 561,
              "y2": 305
            }
          ]
        },
        "40": {
          "que": 40,
          "type": "mcq",
          "options": 4,
          "marks": {
            "cm": 4,
            "im": -1
          },
          "pdfData": [
            {
              "page": 7,
              "x1": 34,
              "y1": 305,
              "x2": 561,
              "y2": 380
            }
          ]
        },
        "41": {
          "que": 41,
          "type": "mcq",
          "options": 4,
          "marks": {
            "cm": 4,
            "im": -1
          },
          "pdfData": [
            {
              "page": 7,
              "x1": 34,
              "y1": 380,
              "x2": 561,
              "y2": 578
            }
          ]
        },
        "42": {
          "que": 42,
          "type": "mcq",
          "options": 4,
          "marks": {
            "cm": 4,
            "im": -1
          },
          "pdfData": [
            {
              "page": 7,
              "x1": 34,
              "y1": 578,
              "x2": 561,
              "y2": 767
            },
            {
              "page": 8,
              "x1": 34,
              "y1": 76,
              "x2": 561,
              "y2": 147
            }
          ]
        },
        "43": {
          "que": 43,
          "type": "mcq",
          "options": 4,
          "marks": {
            "cm": 4,
            "im": -1
          },
          "pdfData": [
            {
              "page": 8,
              "x1": 34,
              "y1": 147,
              "x2": 561,
              "y2": 292
            }
          ]
        },
        "44": {
          "que": 44,
          "type": "mcq",
          "options": 4,
          "marks": {
            "cm": 4,
            "im": -1
          },
          "pdfData": [
            {
              "page": 8,
              "x1": 34,
              "y1": 292,
              "x2": 561,
              "y2": 370
            }
          ]
        },
        "45": {
          "que": 45,
          "type": "mcq",
          "options": 4,
          "marks": {
            "cm": 4,
            "im": -1
          },
          "pdfData": [
            {
              "page": 8,
              "x1": 34,
              "y1": 370,
              "x2": 561,
              "y2": 667
            }
          ]
        }
      },
      "P-NUM": {
        "46": {
          "que": 46,
          "type": "nat",
          "marks": {
            "cm": 4,
            "im": -1
          },
          "pdfData": [
            {
              "page": 8,
              "x1": 34,
              "y1": 667,
              "x2": 561,
              "y2": 713
            }
          ]
        },
        "47": {
          "que": 47,
          "type": "nat",
          "marks": {
            "cm": 4,
            "im": -1
          },
          "pdfData": [
            {
              "page": 8,
              "x1": 34,
              "y1": 713,
              "x2": 561,
              "y2": 769
            }
          ]
        },
        "48": {
          "que": 48,
          "type": "nat",
          "marks": {
            "cm": 4,
            "im": -1
          },
          "pdfData": [
            {
              "page": 9,
              "x1": 34,
              "y1": 73,
              "x2": 561,
              "y2": 133
            }
          ]
        },
        "49": {
          "que": 49,
          "type": "nat",
          "marks": {
            "cm": 4,
            "im": -1
          },
          "pdfData": [
            {
              "page": 9,
              "x1": 34,
              "y1": 133,
              "x2": 561,
              "y2": 193
            }
          ]
        },
        "50": {
          "que": 50,
          "type": "nat",
          "marks": {
            "cm": 4,
            "im": -1
          },
          "pdfData": [
            {
              "page": 9,
              "x1": 34,
              "y1": 193,
              "x2": 561,
              "y2": 253
            }
          ]
        }
      }
    },
    "Chemistry": {
      "C-MCQ": {
        "51": {
          "que": 51,
          "type": "mcq",
          "options": 4,
          "marks": {
            "cm": 4,
            "im": -1
          },
          "pdfData": [
            {
              "page": 9,
              "x1": 34,
              "y1": 253,
              "x2": 561,
              "y2": 375
            }
          ]
        },
        "52": {
          "que": 52,
          "type": "mcq",
          "options": 4,
          "marks": {
            "cm": 4,
            "im": -1
          },
          "pdfData": [
            {
              "page": 9,
              "x1": 34,
              "y1": 375,
              "x2": 561,
              "y2": 468
            }
          ]
        },
        "53": {
          "que": 53,
          "type": "mcq",
          "options": 4,
          "marks": {
            "cm": 4,
            "im": -1
          },
          "pdfData": [
            {
              "page": 9,
              "x1": 34,
              "y1": 468,
              "x2": 561,
              "y2": 576
            }
          ]
        },
        "54": {
          "que": 54,
          "type": "mcq",
          "options": 4,
          "marks": {
            "cm": 4,
            "im": -1
          },
          "pdfData": [
            {
              "page": 9,
              "x1": 34,
              "y1": 576,
              "x2": 561,
              "y2": 670
            }
          ]
        },
        "55": {
          "que": 55,
          "type": "mcq",
          "options": 4,
          "marks": {
            "cm": 4,
            "im": -1
          },
          "pdfData": [
            {
              "page": 9,
              "x1": 34,
              "y1": 670,
              "x2": 561,
              "y2": 687
            },
            {
              "page": 10,
              "x1": 34,
              "y1": 75,
              "x2": 561,
              "y2": 196
            }
          ]
        },
        "56": {
          "que": 56,
          "type": "mcq",
          "options": 4,
          "marks": {
            "cm": 4,
            "im": -1
          },
          "pdfData": [
            {
              "page": 10,
              "x1": 34,
              "y1": 196,
              "x2": 561,
              "y2": 292
            }
          ]
        },
        "57": {
          "que": 57,
          "type": "mcq",
          "options": 4,
          "marks": {
            "cm": 4,
            "im": -1
          },
          "pdfData": [
            {
              "page": 10,
              "x1": 34,
              "y1": 292,
              "x2": 561,
              "y2": 474
            }
          ]
        },
        "58": {
          "que": 58,
          "type": "mcq",
          "options": 4,
          "marks": {
            "cm": 4,
            "im": -1
          },
          "pdfData": [
            {
              "page": 10,
              "x1": 34,
              "y1": 474,
              "x2": 561,
              "y2": 711
            }
          ]
        },
        "59": {
          "que": 59,
          "type": "mcq",
          "options": 4,
          "marks": {
            "cm": 4,
            "im": -1
          },
          "pdfData": [
            {
              "page": 10,
              "x1": 34,
              "y1": 711,
              "x2": 561,
              "y2": 734
            },
            {
              "page": 11,
              "x1": 34,
              "y1": 75,
              "x2": 561,
              "y2": 363
            }
          ]
        },
        "60": {
          "que": 60,
          "type": "mcq",
          "options": 4,
          "marks": {
            "cm": 4,
            "im": -1
          },
          "pdfData": [
            {
              "page": 11,
              "x1": 34,
              "y1": 363,
              "x2": 561,
              "y2": 441
            }
          ]
        },
        "61": {
          "que": 61,
          "type": "mcq",
          "options": 4,
          "marks": {
            "cm": 4,
            "im": -1
          },
          "pdfData": [
            {
              "page": 11,
              "x1": 34,
              "y1": 441,
              "x2": 561,
              "y2": 495
            }
          ]
        },
        "62": {
          "que": 62,
          "type": "mcq",
          "options": 4,
          "marks": {
            "cm": 4,
            "im": -1
          },
          "pdfData": [
            {
              "page": 11,
              "x1": 34,
              "y1": 495,
              "x2": 561,
              "y2": 554
            }
          ]
        },
        "63": {
          "que": 63,
          "type": "mcq",
          "options": 4,
          "marks": {
            "cm": 4,
            "im": -1
          },
          "pdfData": [
            {
              "page": 11,
              "x1": 34,
              "y1": 554,
              "x2": 561,
              "y2": 620
            }
          ]
        },
        "64": {
          "que": 64,
          "type": "mcq",
          "options": 4,
          "marks": {
            "cm": 4,
            "im": -1
          },
          "pdfData": [
            {
              "page": 11,
              "x1": 34,
              "y1": 620,
              "x2": 561,
              "y2": 691
            }
          ]
        },
        "65": {
          "que": 65,
          "type": "mcq",
          "options": 4,
          "marks": {
            "cm": 4,
            "im": -1
          },
          "pdfData": [
            {
              "page": 11,
              "x1": 34,
              "y1": 691,
              "x2": 561,
              "y2": 762
            },
            {
              "page": 12,
              "x1": 34,
              "y1": 75,
              "x2": 561,
              "y2": 113
            }
          ]
        },
        "66": {
          "que": 66,
          "type": "mcq",
          "options": 4,
          "marks": {
            "cm": 4,
            "im": -1
          },
          "pdfData": [
            {
              "page": 12,
              "x1": 34,
              "y1": 113,
              "x2": 561,
              "y2": 307
            }
          ]
        },
        "67": {
          "que": 67,
          "type": "mcq",
          "options": 4,
          "marks": {
            "cm": 4,
            "im": -1
          },
          "pdfData": [
            {
              "page": 12,
              "x1": 34,
              "y1": 307,
              "x2": 561,
              "y2": 436
            }
          ]
        },
        "68": {
          "que": 68,
          "type": "mcq",
          "options": 4,
          "marks": {
            "cm": 4,
            "im": -1
          },
          "pdfData": [
            {
              "page": 12,
              "x1": 34,
              "y1": 436,
              "x2": 561,
              "y2": 558
            }
          ]
        },
        "69": {
          "que": 69,
          "type": "mcq",
          "options": 4,
          "marks": {
            "cm": 4,
            "im": -1
          },
          "pdfData": [
            {
              "page": 12,
              "x1": 34,
              "y1": 558,
              "x2": 561,
              "y2": 651
            }
          ]
        },
        "70": {
          "que": 70,
          "type": "mcq",
          "options": 4,
          "marks": {
            "cm": 4,
            "im": -1
          },
          "pdfData": [
            {
              "page": 12,
              "x1": 34,
              "y1": 651,
              "x2": 561,
              "y2": 724
            }
          ]
        }
      },
      "C-NUM": {
        "71": {
          "que": 71,
          "type": "nat",
          "marks": {
            "cm": 4,
            "im": -1
          },
          "pdfData": [
            {
              "page": 12,
              "x1": 34,
              "y1": 724,
              "x2": 561,
              "y2": 762
            },
            {
              "page": 13,
              "x1": 34,
              "y1": 78,
              "x2": 561,
              "y2": 114
            }
          ]
        },
        "72": {
          "que": 72,
          "type": "nat",
          "marks": {
            "cm": 4,
            "im": -1
          },
          "pdfData": [
            {
              "page": 13,
              "x1": 34,
              "y1": 114,
              "x2": 561,
              "y2": 173
            }
          ]
        },
        "73": {
          "que": 73,
          "type": "nat",
          "marks": {
            "cm": 4,
            "im": -1
          },
          "pdfData": [
            {
              "page": 13,
              "x1": 34,
              "y1": 173,
              "x2": 561,
              "y2": 216
            }
          ]
        },
        "74": {
          "que": 74,
          "type": "nat",
          "marks": {
            "cm": 4,
            "im": -1
          },
          "pdfData": [
            {
              "page": 13,
              "x1": 34,
              "y1": 216,
              "x2": 561,
              "y2": 238
            }
          ]
        }
      }
    }
  },
  "testAnswerKey": {
    "Maths": {
      "M-MCQ": {
        "1": [
          4
        ],
        "2": [
          2
        ],
        "3": [
          4
        ],
        "4": [
          4
        ],
        "5": [
          2
        ],
        "6": [
          1
        ],
        "7": [
          3
        ],
        "8": [
          4
        ],
        "9": [
          3
        ],
        "10": "DROPPED",
        "11": [
          2
        ],
        "12": [
          4
        ],
        "13": [
          1
        ],
        "14": [
          3
        ],
        "15": [
          3
        ],
        "16": [
          4
        ],
        "17": [
          1
        ],
        "18": [
          4
        ],
        "19": [
          4
        ],
        "20": [
          4
        ]
      },
      "M-NUM": {
        "21": "12",
        "22": "11132",
        "23": "64",
        "24": "13218",
        "25": "10"
      }
    },
    "Physics": {
      "P-MCQ": {
        "26": [
          1
        ],
        "27": [
          2
        ],
        "28": [
          2
        ],
        "29": [
          1
        ],
        "30": [
          4
        ],
        "31": [
          4
        ],
        "32": [
          3
        ],
        "33": [
          3
        ],
        "34": [
          3
        ],
        "35": [
          3
        ],
        "36": [
          2
        ],
        "37": [
          4
        ],
        "38": [
          1
        ],
        "39": [
          2
        ],
        "40": [
          4
        ],
        "41": [
          4
        ],
        "42": [
          2
        ],
        "43": "DROPPED",
        "44": [
          4
        ],
        "45": [
          4
        ]
      },
      "P-NUM": {
        "46": "8",
        "47": "1320",
        "48": "8",
        "49": "3",
        "50": "7700"
      }
    },
    "Chemistry": {
      "C-MCQ": {
        "51": [
          2
        ],
        "52": [
          2
        ],
        "53": [
          2
        ],
        "54": [
          3
        ],
        "55": [
          3
        ],
        "56": [
          4
        ],
        "57": [
          3
        ],
        "58": [
          1
        ],
        "59": [
          1
        ],
        "60": [
          2
        ],
        "61": [
          4
        ],
        "62": [
          2
        ],
        "63": [
          3
        ],
        "64": [
          3
        ],
        "65": [
          4
        ],
        "66": [
          3
        ],
        "67": [
          3
        ],
        "68": [
          1
        ],
        "69": [
          1
        ],
        "70": [
          4
        ]
      },
      "C-NUM": {
        "71": "275",
        "72": "2",
        "73": "0",
        "74": "60"
      }
    }
  },
  "pdfFileHash": "d6ee5b79d502cb787af7f35ba2eb1d186f75dd615a4d31e3983208c960202dbc"
}